{
  "state_name": "+_ad0.2",
  "shots_per_basis": 2000,
  "seed": 133,
  "measurement_model": "pauli_projective_single_qubit",
  "meas": {
    "X": {
      "shots": 2000,
      "p_true": [
        0.947213595499958,
        0.052786404500042065
      ],
      "counts": [
        1873,
        127
      ],
      "outcomes": [
        "+1",
        "-1"
      ]
    },
    "Y": {
      "shots": 2000,
      "p_true": [
        0.5,
        0.5
      ],
      "counts": [
        996,
        1004
      ],
      "outcomes": [
        "+1",
        "-1"
      ]
    },
    "Z": {
      "shots": 2000,
      "p_true": [
        0.6,
        0.39999999999999997
      ],
      "counts": [
        1173,
        827
      ],
      "outcomes": [
        "+1",
        "-1"
      ]
    }
  },
  "metrics": {
    "fidelity": 0.9989152758626443,
    "fro_error": 0.024536956964412156
  }
}